ticker,sector
APOG,Industria
AZZ,Industria
LNN,Industria
GBX,Industria
MSM,Industria
MLI,Industria
EPAC,Industria
AIT,Industria
WSO,Industria
SITE,Industria
TTC,Industria
RBC,Industria
ITT,Industria
FLS,Industria
WWD,Industria
CW,Industria
HXL,Industria
KNX,Industria
JBHT,Industria
LSTR,Industria
SAIA,Industria
CHRW,Industria
EXPD,Industria
MAN,Industria
RHI,Industria
KFY,Industria
PSMT,Consumo basico
WDFC,Consumo basico
BJ,Consumo basico
CASY,Consumo basico
LEVI,Consumo discrecional
OLLI,Consumo discrecional
FIVE,Consumo discrecional
DKS,Consumo discrecional
ULTA,Consumo discrecional
WSM,Consumo discrecional
RH,Consumo discrecional
CROX,Consumo discrecional
DECK,Consumo discrecional
HAS,Consumo discrecional
MAT,Consumo discrecional
PII,Consumo discrecional
BC,Consumo discrecional
THO,Consumo discrecional
LCII,Consumo discrecional
POOL,Consumo discrecional
CAKE,Consumo discrecional
TXRH,Consumo discrecional
EAT,Consumo discrecional
WING,Consumo discrecional
SHAK,Consumo discrecional
MIDD,Industria
PNFP,Financiero
WAL,Financiero
EWBC,Financiero
CFR,Financiero
ZION,Financiero
WBS,Financiero
SNV,Financiero
FHN,Financiero
BOKF,Financiero
CBSH,Financiero
PB,Financiero
IONS,Salud
ENSG,Salud
HQY,Salud
OMCL,Salud
MASI,Salud
TECH,Salud
ICUI,Salud
EXEL,Salud
HALO,Salud
NBIX,Salud
JAZZ,Salud
SNX,Tecnologia
PENG,Tecnologia
LSCC,Tecnologia
CRUS,Tecnologia
SLAB,Tecnologia
POWI,Tecnologia
MKSI,Tecnologia
ONTO,Tecnologia
COHR,Tecnologia
FN,Tecnologia
NOVT,Tecnologia
MANH,Tecnologia
QLYS,Tecnologia
TENB,Tecnologia
DOCU,Tecnologia
BOX,Tecnologia
DT,Tecnologia
CVLT,Tecnologia
CGNX,Tecnologia
ZBRA,Tecnologia
TRMB,Tecnologia
OLED,Tecnologia
ENTG,Tecnologia
MTDR,Energia
CHRD,Energia
SM,Energia
MUR,Energia
RRC,Energia
RPM,Materiales
AXTA,Materiales
OLN,Materiales
EXP,Materiales
CMC,Materiales
RS,Materiales
OGE,Utilities
IDA,Utilities
POR,Utilities
